before,checkout,dairy,drinks,fruit,spices,entrance,exit
dairy,0.10261704145973997,0.7389096590592042,0.05808827632386586,0.04943920540148429,0.0509458177557056,0.0,0.0
drinks,0.21528989225243714,0.010877373011800924,0.599281682914315,0.08773730118009236,0.08681375064135453,0.0,0.0
entrance,0.0,0.2875755540631296,0.15352585627938214,0.3774345198119543,0.18146406984553393,0.0,0.0
fruit,0.20045379860730772,0.09537594867381269,0.05453407401611767,0.5992488850637665,0.050387293638995384,0.0,0.0
spices,0.14949431099873578,0.19168773704171935,0.16182048040455121,0.0902338811630847,0.40676359039190896,0.0,0.0
checkout,0.0,0.0,0.0,0.0,0.0,0.0,1.0
exit,0.0,0.0,0.0,0.0,0.0,0.0,1.0
